{
  "Input": {
    "count": 50,
    "distance_to_target": 0.8534753269430133,
    "centroid": [
      0.006922866345057295,
      -0.0029949626146763874,
      -0.0024040795176775613,
      0.0009230817469090029,
      -0.009323214559545311,
      0.48003902361017525,
      0.001613844732336291,
      -0.0011509228721540445,
      0.0014100157199250724,
      4.973382414542094e-05,
      0.0018112767167828747,
      0.003715822872596419,
      -0.0012351162887769503,
      -0.003149672276758577,
      0.0023224410847148364,
      0.0005842891056905444,
      0.0007986008412970664,
      -9.679846598362429e-05,
      0.00034847092438959094,
      -0.000805850795592382,
      0.00011902955504411538,
      0.0011734594773033604,
      -0.0006798421901239458,
      0.0019598868807279906,
      -0.0011267830884444268,
      -0.0024805619438408094,
      2.348032987137259e-05,
      -0.0009765677639433222,
      -0.001865487002308068,
      0.00043754681182703553,
      0.0003889007201535628,
      -0.002028581789205642,
      -0.0007089465918524065,
      -0.0016883989355129553,
      0.0010158116234678985,
      -0.0007917387681151058,
      -0.002143772572076649,
      -0.002402170839013947,
      -0.008693379163541338,
      0.003977816390007087,
      0.0005676093340556981,
      -0.0035927358225209135,
      -0.0010137561418884801,
      -0.001229926969256893,
      -0.0006539198764488796,
      0.00029624446837330876,
      -0.0016309025337097416,
      8.698758114682855e-05,
      -0.00041045417000214516,
      0.0004749422456668358,
      -0.0022615603646928602,
      -0.001504997371355019,
      -0.009559065276326785,
      -3.9874731108164465e-05,
      0.00257775602131453,
      -0.0022621235107468853,
      -0.0011812539030102065,
      0.009969436873186292,
      0.027578610155778262,
      -0.0995659380746316,
      -0.10219040097725703,
      -0.05061230660329764,
      -0.04239638157079138,
      0.032944420219699636
    ],
    "within_cosine_similarity": 0.9967969446850204,
    "js_divergence_to_target": 1.0,
    "js_divergence_by_attribute": {
      "sex": 1.0,
      "age": 1.0,
      "occupation": 1.0,
      "education_level": 1.0,
      "marital_status": 1.0,
      "family_type": 1.0,
      "housing_type": 1.0,
      "military_status": 1.0
    },
    "centroid2d": {
      "pca": [
        -0.6931339500497127,
        0.36220141531243316
      ],
      "tsne": [
        -62.497169494628906,
        17.535171508789062
      ]
    }
  },
  "Stage1": {
    "count": 50,
    "distance_to_target": 0.89125299019346,
    "centroid": [
      0.01654142783901389,
      -0.006761303883961599,
      -0.0035792969202298954,
      0.0017686092999863062,
      -0.011724971425066002,
      0.5782632406500112,
      0.002005767490951443,
      -0.0017345168240777452,
      0.0016451443110812442,
      -0.00031965873294693004,
      0.00024864466871003945,
      0.0029689817871288637,
      -0.0011745741663521847,
      -0.0023468219646918267,
      0.0010822141721757936,
      -0.0002572089119894482,
      0.00030370135853140647,
      0.00039352977755293463,
      0.0004961360178428901,
      -0.000943801493869558,
      0.0010651395370676214,
      0.0006780909498856666,
      -0.0004728692673005726,
      0.002132161591768524,
      -0.0010340743241238788,
      -0.0010858821889343064,
      7.598459286193307e-05,
      -0.0005444540999870347,
      -0.0012494392072540492,
      -4.1305504731981326e-05,
      -7.212437067337518e-05,
      -0.0014114415970902339,
      -0.0005489414453980033,
      -0.00015788958148140923,
      0.00020899016307307394,
      7.787782142927327e-05,
      0.0006602879073067699,
      0.0004953485009746004,
      -0.0066139357203492035,
      0.0029682786996309395,
      -0.0012266413673754973,
      -0.001162498660097671,
      -0.0002721957598867839,
      0.0005377517499273382,
      0.00011566321307351275,
      0.0007481722933690934,
      0.00039695735949689685,
      2.381895529778268e-05,
      0.0010569092277340941,
      -0.00022294191401261884,
      -0.0011740634582440824,
      -0.001592104943952576,
      -0.003918279984854179,
      0.00019856359012757893,
      0.00037149173198638383,
      0.0010418803602204063,
      5.480544678012359e-05,
      0.0016373628442114113,
      0.008919251471205958,
      -0.02613763356344694,
      -0.02662027576041275,
      -0.012155996901736197,
      -0.00670548037162118,
      0.0073074469126169295
    ],
    "within_cosine_similarity": 0.9864335333156058,
    "js_divergence_to_target": 0.8804320307901511,
    "js_divergence_by_attribute": {
      "sex": 0.3132131857218725,
      "age": 0.7302430605993364,
      "occupation": 1.0,
      "education_level": 1.0,
      "marital_status": 1.0,
      "family_type": 1.0,
      "housing_type": 1.0,
      "military_status": 1.0
    },
    "centroid2d": {
      "pca": [
        -0.728121699671439,
        0.387651092171422
      ],
      "tsne": [
        -70.02325439453125,
        4.383578300476074
      ]
    }
  },
  "Stage2": {
    "count": 51,
    "distance_to_target": 0.9042910252654922,
    "centroid": [
      0.015121509708796783,
      -0.0069152063642288234,
      -0.0035777874890938095,
      0.0021773794445348812,
      -0.012055131345578113,
      0.5610096724847494,
      0.0019471837569512121,
      -0.0007633220914549371,
      0.0012718497091871522,
      0.00115502411494551,
      0.002166685772582731,
      0.0018198034079330034,
      -0.0002636424634376714,
      -0.0007341245618380099,
      0.001158266120554284,
      0.000882824328675189,
      0.00015756483593818996,
      -0.0003352702604572975,
      -0.0004291801125720672,
      0.00022830022963449539,
      -0.0011655819213749349,
      0.00022366270781046032,
      -0.00043678435565317283,
      -0.0015524175771363853,
      0.000796841474987886,
      0.0007835603492316718,
      -9.551210504318189e-05,
      0.0007510500546514531,
      0.0012056763964208691,
      -8.521920451291223e-05,
      -0.0001300854435256388,
      0.0019074063645708461,
      0.0006161507913318833,
      0.000540759021185176,
      -0.0004656671620967092,
      0.00022466696488810604,
      0.00011574606903581077,
      0.0005324833195015867,
      0.011028723606597771,
      -0.005128569692308054,
      0.0011247549012164723,
      0.003418688150351121,
      0.001015237849914016,
      0.00025936214027315416,
      -2.3703794376607425e-05,
      -0.0007719003015869179,
      0.0007934574335155875,
      -0.00040717975206183753,
      -0.0010922550038608653,
      0.0003711467076959442,
      0.0033380865637151155,
      0.002721991239620288,
      0.012329398328460287,
      -0.00031603917841373897,
      -0.0025177507637097257,
      0.0007110312428250586,
      0.0006281550899742977,
      -0.01135142708541486,
      -0.03554606016230655,
      0.126843969898001,
      0.13008933770689438,
      0.06430435415877779,
      0.04873606826129064,
      -0.041006240403300344
    ],
    "within_cosine_similarity": 0.9366995743141378,
    "js_divergence_to_target": 0.9304159107918637,
    "js_divergence_by_attribute": {
      "sex": 0.773918323300097,
      "age": 0.6694089630348125,
      "occupation": 1.0,
      "education_level": 1.0,
      "marital_status": 1.0,
      "family_type": 1.0,
      "housing_type": 1.0,
      "military_status": 1.0
    },
    "centroid2d": {
      "pca": [
        -0.7221324278439166,
        0.3823769103666799
      ],
      "tsne": [
        -77.27680969238281,
        -0.10429730266332626
      ]
    }
  },
  "Stage3": {
    "count": 1,
    "distance_to_target": 0.8896779361363918,